user_id,gt_item,item_1,item_2,item_3,item_4,item_5,item_6,item_7,item_8,item_9,item_10,item_11,item_12,item_13,item_14,item_15,item_16,item_17,item_18,item_19,item_20
1,520,364,56,604,823,194,9,311,809,998,547,206,467,329,769,527,1026,628,806,650,34
2,32,403,13,141,53,358,451,137,210,25,365,78,104,11,24,550,69,142,642,121,84
3,306,542,457,220,297,15,198,147,437,369,690,623,77,749,526,958,376,503,254,818,1180
4,524,283,467,709,56,755,789,998,1022,466,206,364,509,604,329,1182,822,744,677,823,546
5,965,145,275,176,1002,52,118,803,662,96,361,340,99,117,253,332,885,270,269,848,723
6,26,403,137,24,96,26,279,351,550,88,104,11,141,451,13,61,176,87,365,18,98
7,523,192,248,102,368,119,58,255,157,470,162,32,217,348,322,257,30,218,113,101,103
8,722,403,137,24,26,13,141,104,77,279,369,98,550,254,87,365,749,451,84,83,18
9,250,34,9,527,435,294,547,292,324,953,173,555,769,447,367,525,554,227,311,4,284
10,131,34,423,464,367,555,292,308,438,48,663,8,431,180,54,284,543,378,310,321,497
11,806,364,604,206,998,823,329,809,56,672,467,194,1026,602,15,574,755,820,283,1077,789
12,1070,364,820,604,823,998,56,1026,809,311,206,329,9,672,28,194,14,447,435,547,525
13,415,509,466,759,522,553,513,166,333,696,837,283,990,789,515,846,463,415,709,650,169
14,553,364,547,9,435,527,604,823,769,809,525,294,34,311,194,56,206,15,329,447,806
15,1334,9,34,435,447,527,294,547,311,769,324,364,525,953,578,4,628,16,17,1026,555
16,909,351,1112,1134,166,12,1124,509,696,837,247,698,992,466,879,513,145,858,522,191,229
17,697,34,9,527,294,435,547,324,578,292,447,769,464,364,953,173,367,555,311,4,17
18,815,364,604,998,823,169,206,467,329,789,602,56,526,672,283,809,194,216,748,15,822
19,100,435,34,9,294,311,447,324,769,364,547,527,525,1026,578,17,14,953,607,143,378
20,404,423,34,663,565,497,180,10,9,472,93,321,316,588,378,308,65,464,17,227,953
21,86,131,185,5,326,711,116,2,831,262,625,552,510,215,490,281,743,396,244,932,140
22,870,423,464,338,405,663,644,343,10,54,93,48,263,367,491,995,308,565,391,58,478
23,906,131,711,185,5,552,116,326,262,831,510,2,215,828,490,281,743,396,1085,140,625
24,698,509,650,513,522,553,466,166,696,337,463,174,279,837,530,132,1070,416,879,197,191
25,789,364,672,604,998,314,169,755,602,206,809,56,216,329,823,467,283,1077,1026,194,1042
26,509,169,1015,216,768,1045,821,872,602,437,1054,339,1185,871,62,869,526,124,421,1078,1166
27,947,283,56,755,467,709,466,1022,1182,364,789,998,509,206,604,744,329,546,677,963,1066
28,646,102,32,217,201,408,157,162,175,240,241,230,257,298,192,312,100,113,368,357,6
29,332,646,96,158,61,711,99,404,270,262,281,743,361,140,131,176,510,290,105,2,185
30,849,87,78,104,84,69,550,403,432,137,406,642,365,11,210,121,687,141,303,182,18
31,164,169,339,216,602,768,1015,526,437,872,62,421,1045,821,143,869,672,124,1185,1054,748
32,320,241,32,274,261,201,109,175,368,35,322,100,217,248,255,67,240,102,119,330,559
33,150,509,553,650,513,466,522,166,696,463,837,168,337,333,879,1070,174,515,415,416,191
34,999,248,167,180,58,423,54,308,431,368,192,321,119,343,330,222,491,470,101,97,245
35,466,509,466,166,553,513,522,650,696,879,837,463,1070,174,337,416,333,191,351,515,415
36,29,509,466,553,166,879,333,522,127,513,837,681,415,515,1070,990,765,696,463,908,485
37,322,201,32,175,241,217,102,240,6,408,162,37,67,298,360,261,257,79,322,100,255
38,117,131,185,116,5,396,326,244,215,711,347,2,831,510,743,490,1085,797,932,281,140
39,956,102,192,241,32,201,119,162,217,255,368,322,248,348,408,470,240,274,257,157,58
40,743,96,270,262,176,340,404,99,646,361,61,711,52,158,281,867,848,105,269,510,44
41,723,99,52,625,44,848,49,118,145,176,269,592,340,876,105,674,361,867,96,646,404
42,490,711,131,262,2,326,158,61,5,490,116,281,510,552,185,290,646,140,96,743,270
43,299,358,53,162,13,102,157,25,183,257,103,190,312,217,113,50,348,210,141,218,32
44,871,145,275,1002,118,662,803,52,723,176,253,340,332,876,117,96,99,885,625,86,361
45,140,96,646,61,290,158,176,99,281,118,404,105,44,52,361,140,145,420,566,496,711
46,212,232,202,455,115,348,183,103,473,157,180,7,475,48,83,248,310,58,23,113,102
47,659,78,11,141,13,25,53,210,358,104,69,403,50,365,687,87,501,84,142,154,121
48,592,340,1002,52,176,275,253,145,625,118,867,662,99,876,803,270,96,86,361,1081,674
49,87,650,279,26,174,337,132,530,24,197,509,351,137,445,513,522,166,182,696,524,307
50,234,403,104,137,24,87,550,23,84,180,157,102,13,103,141,232,248,217,202,58,348
51,52,99,52,176,145,118,44,96,361,848,646,49,269,275,340,105,404,803,625,270,1002
52,248,53,358,13,25,141,403,183,103,232,102,104,157,210,202,162,115,192,348,78,23
53,145,662,1002,803,275,340,723,253,885,86,52,145,912,117,1195,176,118,876,392,188,332
54,236,192,102,119,248,368,162,157,32,101,470,58,322,348,255,218,408,240,257,217,30
55,545,119,102,162,192,255,218,368,240,257,175,358,569,241,101,157,32,217,201,113,248
56,1147,26,403,137,24,18,279,182,104,550,87,152,413,530,406,84,197,337,611,575,268
57,148,274,119,491,167,368,423,343,248,54,10,663,330,321,192,101,565,308,289,431,58
58,248,83,527,455,749,9,369,503,202,147,77,115,34,473,475,232,24,7,137,209,180
59,1216,396,215,185,131,116,244,5,347,831,1085,326,673,813,932,828,736,2,797,711,510
60,599,330,368,274,119,241,248,192,255,491,35,175,261,109,289,100,102,126,101,201,240
61,131,34,48,232,367,180,555,464,292,104,310,115,527,202,294,423,455,227,403,83,183
62,276,217,102,32,162,157,408,257,312,201,113,103,298,348,240,230,192,322,23,30,241
63,525,157,248,348,102,180,167,192,58,103,217,322,368,408,162,470,23,113,32,321,308
64,372,663,423,93,10,295,68,263,565,497,472,378,65,338,464,758,694,897,316,300,644
65,390,663,423,10,491,565,431,93,343,274,308,180,321,300,222,54,338,167,58,368,685
66,176,351,166,509,696,466,522,837,513,1134,698,553,371,1124,879,416,191,1070,992,858,515
67,867,99,176,52,145,118,96,275,361,1002,340,848,803,44,269,270,646,253,662,49,876
68,662,711,158,61,131,290,2,646,262,281,490,96,510,140,326,743,5,185,116,270,566
69,697,169,748,283,755,709,1078,789,764,1042,998,1045,821,822,958,604,602,364,677,1182,329
70,297,623,457,437,77,254,542,297,220,198,369,147,749,473,526,503,690,1180,358,958,455
71,1156,509,466,553,166,333,522,513,879,837,127,696,515,990,415,681,759,463,1070,650,371
72,53,543,233,786,310,863,85,479,1023,528,435,34,232,294,153,527,455,136,160,571,358
73,18,9,34,527,294,435,547,769,525,173,4,292,364,447,160,324,311,953,554,367,143
74,475,77,254,369,749,455,473,115,475,503,148,83,297,232,209,202,147,183,457,542,55
75,784,183,473,202,115,103,232,455,157,7,77,312,475,113,749,162,23,102,257,254,348
76,490,527,435,294,34,173,9,83,369,148,455,749,77,473,80,475,254,547,209,769,525
77,885,131,185,711,2,5,116,326,490,215,244,290,281,831,743,510,262,140,347,396,158
78,145,275,1002,145,662,176,803,52,118,340,253,96,361,270,723,332,99,86,885,117,876
79,542,542,457,220,437,297,198,15,526,147,690,958,77,818,369,623,339,364,376,417,370
80,509,137,403,24,26,104,87,182,550,279,84,406,18,365,141,642,78,530,98,611,303
81,1100,34,464,367,527,294,9,292,555,48,423,953,324,173,435,284,227,585,180,554,738
82,167,711,131,2,326,158,490,262,185,61,116,290,510,5,281,646,743,140,552,96,270
83,12,11,74,154,78,13,178,306,53,141,427,142,687,31,358,25,69,501,104,210,243
84,365,279,26,650,24,530,137,337,197,174,182,132,152,445,403,413,611,524,951,351,513
85,142,137,24,26,403,279,182,87,104,530,550,18,611,84,406,98,174,132,197,642,365
86,695,34,527,9,294,435,292,555,173,367,455,83,48,464,227,554,547,232,284,423,310
87,415,650,351,279,509,174,522,166,530,337,26,513,132,696,24,445,197,137,463,191,553
88,430,283,709,755,789,748,1182,546,998,1042,677,467,1022,822,1078,744,56,169,604,1077,1066
89,971,274,300,255,119,10,368,192,289,201,100,663,248,67,565,241,32,491,330,175,222
90,102,32,201,175,241,217,240,102,6,255,192,162,100,37,261,368,119,257,362,408,322
91,73,711,131,2,490,185,290,116,5,326,510,158,743,244,140,281,262,646,831,61,347
92,34,455,369,77,749,83,254,527,148,475,503,209,115,297,173,473,34,435,294,147,232
93,257,77,254,473,749,369,455,115,183,202,475,232,503,209,83,147,297,457,312,148,7
94,957,578,16,56,607,34,482,17,364,1026,9,547,675,993,324,144,18,486,65,769,1159
95,259,192,119,368,102,248,255,358,162,58,218,240,101,103,569,470,157,257,53,167,113
96,275,509,466,513,553,837,166,759,522,696,650,1070,879,371,515,416,990,333,463,168,191
97,491,844,300,10,572,663,236,423,565,507,274,334,758,924,491,222,694,170,331,72,261
98,596,432,104,406,182,550,18,87,403,84,26,303,137,299,383,413,78,268,24,121,205
99,485,625,262,270,326,867,711,185,96,281,99,131,646,176,105,5,340,116,674,848,61
100,115,102,32,192,248,157,217,30,162,368,348,408,58,322,470,113,103,257,119,100,240
101,288,182,337,24,137,174,650,299,104,18,26,413,403,84,87,279,985,445,406,530,550
102,270,183,157,202,103,473,115,455,232,348,7,113,312,102,475,23,162,83,257,408,217
103,625,358,357,190,50,201,102,162,240,175,360,53,192,257,241,32,217,298,6,95,255
104,852,183,232,202,103,115,157,312,348,248,58,192,48,180,257,308,113,54,30,7,321
105,416,279,137,24,650,26,530,174,182,337,197,403,132,445,351,509,152,611,98,524,1012
106,297,369,77,749,147,83,297,542,455,503,254,148,209,475,690,457,473,15,55,527,526
107,52,275,145,176,662,52,1002,118,803,96,885,332,361,117,340,99,723,253,269,377,458
108,186,279,650,26,137,24,174,132,530,197,182,337,445,351,403,611,152,524,513,443,951
109,1024,663,423,10,491,274,565,119,330,368,248,255,300,109,289,222,167,58,236,35,685
110,348,322,248,368,58,167,192,180,102,348,32,470,217,343,222,423,330,308,35,321,619
111,186,527,34,294,435,9,83,455,173,292,232,202,475,212,227,473,749,367,77,310,555
112,789,1002,723,662,1195,275,86,885,803,783,458,253,392,340,622,981,876,117,145,188,912
113,35,50,358,53,190,25,210,501,90,78,687,356,368,59,13,102,255,119,248,598,192
114,1012,137,26,24,279,403,182,351,174,530,132,197,650,611,445,152,337,98,104,87,88
115,572,663,423,10,93,565,758,236,263,68,472,694,295,300,497,844,491,792,65,338,170
116,639,11,141,403,78,25,53,210,306,13,137,104,358,365,50,687,69,87,154,642,84
117,1200,131,185,711,116,326,5,2,215,490,831,244,510,743,262,281,396,347,552,140,828
118,38,364,9,604,1026,206,525,769,823,809,435,547,56,447,311,998,194,14,672,329,628
119,718,711,131,2,5,185,490,116,552,326,566,510,347,743,831,290,797,398,140,158,1085
120,446,789,283,709,467,998,755,56,364,604,823,748,329,206,822,509,744,169,1022,764,553
121,1070,509,466,166,513,522,650,553,696,463,879,837,337,174,415,1070,515,191,416,307,279
122,2,102,175,358,257,241,368,357,162,218,240,190,201,192,360,569,255,101,79,119,50
123,141,50,501,687,663,149,119,423,358,90,53,134,78,300,190,338,25,511,210,598,491
124,255,102,248,217,32,192,368,201,241,100,408,322,240,162,175,157,35,470,255,119,298
125,24,104,182,137,87,406,84,403,550,26,432,24,303,18,174,299,78,642,850,365,413
126,918,403,104,87,137,550,141,13,11,78,84,365,24,406,18,642,26,69,121,303,142
127,485,283,709,755,789,466,1066,1182,744,546,509,748,1022,553,56,333,467,947,677,1078,127
128,333,509,522,166,513,650,696,553,466,371,416,837,463,279,351,530,191,515,337,174,951
129,33,102,368,241,192,32,175,240,119,201,162,217,255,248,322,100,274,408,35,6,569
130,52,364,9,34,527,547,769,525,435,206,294,56,604,311,447,809,1026,806,194,823,16
131,154,201,620,298,408,175,32,509,217,102,334,357,466,240,230,572,241,95,6,100,300
132,502,34,527,455,83,9,292,310,294,173,232,115,435,48,77,473,367,475,202,749,369
133,473,58,248,54,308,167,180,192,321,310,423,433,57,27,343,431,368,119,470,245,479
134,1064,32,102,201,408,217,162,175,240,257,241,157,298,312,192,357,230,6,113,322,100
135,813,646,244,743,105,281,99,185,140,2,116,490,326,711,158,73,347,44,131,290,404
136,981,275,145,1002,803,662,52,118,117,885,176,332,361,99,340,723,96,253,44,269,458
137,463,53,13,358,11,155,62,74,435,114,178,141,212,512,151,711,25,142,294,202,473
138,490,711,131,2,490,290,158,510,185,116,743,326,140,5,61,646,244,281,566,262,1
139,499,34,9,423,464,294,527,367,227,292,435,555,953,17,472,585,378,324,663,588,65
140,711,711,158,131,2,490,290,61,510,646,140,326,743,281,116,185,262,5,566,96,244
141,32,102,241,368,201,175,217,32,192,240,162,322,255,119,248,100,408,6,274,35,67
142,394,104,87,84,78,137,432,182,550,406,403,69,26,11,365,303,642,18,687,121,210
143,5,99,52,176,848,625,44,340,118,96,49,361,145,867,269,105,270,404,646,674,592
144,786,711,61,158,131,262,96,646,2,281,290,270,490,510,326,140,99,116,5,176,743
145,828,711,131,158,2,262,61,646,281,490,326,116,290,185,510,743,140,5,96,270,105
146,81,102,162,217,257,32,157,312,408,358,113,103,192,348,201,230,298,240,23,218,53
147,799,174,351,670,182,957,445,88,12,337,26,383,125,524,446,306,489,191,530,650,137
148,999,34,527,48,367,310,292,232,455,294,180,9,555,464,202,115,83,173,227,479,435
149,12,131,711,2,185,490,116,5,743,326,244,510,347,140,831,396,158,290,797,281,552
150,505,151,212,232,114,183,473,202,77,115,155,455,83,30,475,512,749,7,157,348,254
151,432,78,687,50,501,11,149,356,134,90,243,53,25,210,598,13,511,358,69,432,142
152,699,34,423,9,527,464,367,294,435,292,555,227,953,378,324,585,547,284,173,48,588
153,392,275,145,662,1002,803,118,52,176,885,117,332,723,361,340,96,99,253,458,269,377
154,11,711,131,2,158,490,326,510,185,262,61,290,116,5,646,281,743,140,552,270,566
155,94,248,368,192,102,119,274,241,255,201,240,32,322,100,175,217,35,330,470,491,162
156,941,145,275,176,662,1002,52,118,803,96,885,361,117,332,340,99,723,253,269,377,848
157,360,368,248,192,102,274,119,322,167,330,217,58,180,470,35,255,241,32,348,491,222
158,852,321,180,308,58,248,167,54,423,431,192,368,48,343,57,245,348,470,119,391,232
159,556,169,216,1045,821,437,768,1015,602,1054,339,1185,869,526,872,421,124,871,62,1166,1078
160,300,423,663,338,431,119,167,180,54,343,308,58,321,464,48,391,248,367,491,644,245
161,246,145,176,275,52,118,96,1002,662,99,361,803,340,332,117,885,269,848,270,253,646
162,445,279,26,137,24,650,530,351,174,197,132,337,182,403,445,152,524,611,98,522,951
163,608,565,10,844,694,68,663,236,758,423,93,300,170,331,572,295,263,459,968,1090,924
164,256,625,44,99,813,932,49,105,244,347,592,848,674,646,215,867,518,281,1172,583,52
165,253,275,145,662,1002,803,52,176,118,885,117,340,332,361,96,99,723,253,269,848,377
166,678,77,369,749,254,455,83,297,147,542,475,503,473,527,148,526,173,209,435,457,115
167,289,102,32,217,162,157,408,257,192,201,240,312,298,113,241,103,230,368,348,175,322
168,760,650,279,509,351,522,530,26,174,166,513,337,696,24,132,197,137,445,553,524,463
169,1133,145,52,275,176,118,1002,99,803,96,361,662,340,117,332,848,253,885,269,44,876
170,448,423,663,464,321,338,565,54,308,343,93,10,644,491,391,167,431,58,274,367,405
171,10,99,44,646,96,52,176,848,49,404,105,361,270,269,625,118,281,252,145,340,592
172,662,145,176,52,275,118,99,96,1002,361,803,340,662,848,117,332,253,269,270,44,646
173,726,358,53,50,210,217,102,25,162,190,32,103,157,13,257,248,113,192,322,368,348
174,850,232,183,473,202,115,77,455,358,103,157,791,53,7,475,254,749,312,257,83,113
175,533,403,137,26,11,141,24,104,87,365,550,78,69,84,182,306,642,279,406,88,98
176,821,169,1045,216,1185,768,1015,821,1054,602,869,871,339,872,437,421,600,476,864,1166,878
177,198,437,220,457,15,542,958,198,526,169,297,623,764,818,1078,147,690,216,602,364,426
178,25,50,25,210,78,358,141,53,11,69,13,501,687,356,243,90,190,365,154,142,121
179,32,34,9,367,294,527,464,292,423,227,555,180,435,48,310,953,324,284,438,479,233
180,630,102,157,408,348,103,162,32,217,113,192,248,58,218,368,257,322,470,312,230,23
181,306,13,104,78,403,141,53,87,69,550,358,84,365,210,142,232,25,121,642,48,180
182,169,789,283,169,755,709,998,748,467,604,1078,764,364,822,823,56,821,1042,329,1182,677
183,254,455,77,83,749,369,254,473,475,202,115,209,147,148,503,232,527,173,297,212,55
184,569,201,241,175,261,6,32,102,37,100,240,119,217,255,192,126,274,368,109,79,408
185,490,185,131,711,743,510,404,262,326,646,105,116,5,281,44,140,270,2,158,244,566
186,509,403,137,24,26,279,104,182,87,550,84,268,141,98,365,18,406,611,530,642,197
187,330,30,114,157,248,58,362,192,348,217,32,103,102,113,180,162,322,470,368,257,321
188,336,275,145,1002,662,176,118,803,52,96,253,340,723,885,361,332,86,99,270,117,876
189,831,176,52,275,118,662,332,145,96,1002,340,885,361,803,723,99,86,568,270,117,269
190,105,646,743,158,2,244,290,281,140,490,105,99,61,711,404,44,73,116,185,96,347
191,717,32,201,217,241,102,175,408,162,240,6,322,261,368,67,37,298,360,79,257,255
192,1141,102,261,241,192,368,35,100,119,32,240,255,274,569,175,58,248,101,109,6,470
193,60,131,185,711,2,116,326,490,5,244,743,510,281,215,290,140,347,831,646,262,158
194,507,11,53,78,501,358,687,13,50,25,74,154,141,210,356,31,149,142,69,90,243
195,867,262,711,131,281,270,326,185,646,867,96,99,5,61,116,105,158,2,510,743,625
196,300,663,423,10,565,93,472,758,694,68,300,236,263,295,497,170,331,378,274,924,597
197,1070,509,466,553,166,522,513,696,650,879,837,333,463,415,515,1070,416,759,371,990,174
198,340,145,275,1002,662,176,52,118,803,885,96,117,332,340,361,723,99,253,269,458,377
199,372,403,104,137,87,84,550,78,141,365,24,69,642,406,13,26,18,121,210,182,303
200,145,52,145,99,176,118,275,340,361,44,1002,96,803,848,269,117,332,49,662,625,592
201,394,509,650,553,522,513,166,466,463,337,174,132,696,279,530,1070,197,837,191,445,416
202,836,50,356,501,687,90,78,25,210,134,859,11,243,511,598,149,69,358,53,659,190
203,50,9,34,527,435,294,547,292,173,863,160,525,233,85,769,364,554,83,310,367,324
204,1172,145,275,1002,803,52,662,118,117,723,188,885,176,340,332,913,876,1168,392,99,253
205,753,96,176,61,145,403,275,11,358,158,53,141,118,137,351,646,306,13,25,154,24
206,115,526,169,437,339,602,216,768,542,457,15,1015,220,143,62,421,364,823,198,872,297
207,619,102,368,192,274,32,201,248,217,408,162,322,240,241,119,175,255,470,100,157,348
208,566,711,131,2,326,185,116,490,5,510,262,158,552,290,281,831,743,61,140,646,215
209,1078,437,623,220,958,457,542,198,1078,764,818,15,169,297,147,1180,526,426,690,618,522
210,210,957,174,670,337,182,650,445,132,489,524,351,383,191,416,125,1070,12,26,486,761
211,54,32,102,217,408,201,162,157,240,298,175,241,257,192,230,312,357,348,322,113,368
212,965,279,137,24,26,650,530,174,182,197,403,351,132,337,152,98,445,413,443,522,611
213,876,275,145,176,52,118,1002,803,662,96,361,332,99,117,340,885,253,269,848,270,44
214,78,137,26,279,24,650,174,182,530,132,403,351,197,445,337,152,98,611,524,125,772
215,168,30,114,362,32,217,257,162,102,240,157,113,312,298,201,192,348,255,322,358,408
216,478,34,527,9,180,367,227,294,292,310,423,48,438,555,435,554,464,479,83,58,248
217,215,646,244,99,743,44,140,105,281,158,404,290,2,347,185,73,490,116,49,942,326
218,332,52,176,145,275,118,1002,99,96,803,361,340,662,117,332,848,269,253,270,885,44
219,306,687,78,50,210,356,87,104,69,243,501,598,432,859,25,90,84,511,149,141,134
220,174,957,761,446,427,949,12,306,670,74,11,351,88,432,1088,174,125,383,687,189,356
221,420,145,1002,52,275,803,118,662,340,176,117,188,723,332,876,99,885,253,625,392,361
222,486,50,90,501,190,356,511,659,859,134,358,687,149,25,53,598,59,210,175,241,201
223,332,403,137,87,104,24,26,550,84,365,182,141,78,406,642,18,69,11,121,303,279
224,34,34,180,367,527,48,58,227,310,9,423,248,438,308,292,555,321,27,167,202,479
225,159,34,527,180,9,310,48,367,232,292,294,227,455,83,202,435,167,115,555,438,423
226,2,32,102,192,217,368,241,162,240,119,201,255,175,248,257,100,157,322,408,30,274
227,501,403,137,104,87,550,24,26,84,141,365,18,406,78,13,11,121,642,182,69,303
228,51,217,32,102,162,257,408,157,358,322,201,348,241,113,312,192,240,103,248,30,368
229,10,34,9,435,294,527,292,423,367,464,547,227,173,311,525,447,180,769,953,555,438
230,152,275,145,118,885,949,723,332,662,52,176,1002,458,1168,31,427,1005,783,511,134,96
231,662,145,275,176,52,118,96,1002,662,803,361,99,340,332,117,885,253,269,848,270,646
232,403,137,403,24,26,279,104,182,87,550,18,84,530,98,365,406,141,611,197,642,268
233,513,650,174,279,137,26,24,132,337,182,530,197,445,351,513,509,524,611,403,152,416
234,912,1002,275,145,253,803,625,340,876,662,52,118,723,176,86,867,99,606,674,926,117
235,937,646,99,281,158,96,105,711,743,61,290,140,2,262,326,404,185,490,44,116,131
236,569,32,201,217,241,240,175,6,162,102,408,360,257,261,298,37,79,67,190,255,358
237,615,102,32,217,408,162,192,201,241,157,322,248,368,257,240,348,255,119,175,113,103
238,162,115,473,183,202,455,232,77,157,7,103,475,749,254,312,369,791,209,83,113,23
239,1294,96,176,145,99,646,118,52,61,275,281,361,270,848,158,262,404,340,290,105,1002
240,517,104,432,87,84,550,303,78,406,205,403,18,121,850,642,365,182,687,69,74,178
241,415,137,403,24,26,87,104,182,279,550,84,18,406,365,642,98,611,141,530,152,78
242,465,99,52,176,44,96,361,646,118,848,145,404,49,252,269,340,105,275,270,592,117
243,611,509,466,522,553,166,513,759,696,837,333,650,463,990,515,879,371,415,1070,416,698
244,360,96,176,270,99,404,646,262,340,52,361,61,158,281,118,711,848,105,867,44,269
245,839,176,145,96,52,275,118,99,361,1002,662,803,340,646,332,848,270,269,117,44,404
246,696,650,279,509,522,513,166,530,174,337,696,553,132,26,351,197,463,307,24,445,466
247,431,403,104,13,141,78,87,365,53,69,550,84,210,25,358,642,137,142,121,687,303
248,121,78,104,87,210,69,11,141,403,84,687,365,25,50,642,550,432,121,243,13,137
249,489,1042,755,364,283,709,748,329,1078,764,604,789,998,467,169,56,958,823,822,220,1182
250,1192,137,403,24,26,279,182,530,98,104,197,87,611,550,152,141,18,365,84,650,132
251,94,102,157,162,103,217,113,32,348,257,312,408,322,218,192,183,248,358,23,30,7
252,705,52,145,176,118,99,275,1002,803,96,340,361,848,662,876,253,117,332,44,269,625
253,64,78,104,87,432,11,687,84,406,550,69,303,74,365,243,403,121,642,141,210,306
254,711,78,432,687,104,87,598,149,243,84,90,134,11,69,501,659,533,303,74,406,511
255,621,423,663,338,114,10,155,644,565,93,343,431,464,491,30,321,54,180,308,478,263
256,34,217,32,102,162,157,408,248,192,322,348,201,103,257,113,298,312,30,368,241,240
257,158,102,162,217,32,257,408,157,312,113,358,201,103,240,241,348,322,192,218,298,360
258,154,145,275,176,52,118,1002,803,96,361,99,662,340,117,253,332,848,270,269,885,44
259,332,646,99,96,61,281,158,404,176,105,262,270,848,44,140,290,743,361,711,49,52
260,84,50,356,687,78,501,11,25,90,134,210,69,859,243,511,427,598,149,141,432,53
261,491,32,102,217,201,241,162,240,175,408,368,192,322,255,100,6,257,67,298,261,157
262,2,104,87,78,84,137,432,403,550,406,11,69,687,365,210,642,141,182,121,303,243
263,2,813,215,347,396,244,932,185,625,116,828,797,326,5,743,354,736,831,996,105,381
264,610,663,423,10,565,300,93,378,295,472,497,758,68,263,170,274,694,236,459,491,331
265,668,283,466,509,709,1022,553,744,755,546,513,789,1182,990,56,333,681,677,127,522,908
266,742,102,32,217,162,241,201,408,175,157,240,368,192,322,257,255,218,113,248,100,298
267,270,99,646,105,281,44,49,404,96,743,848,262,625,185,244,140,867,270,116,73,942
268,230,176,96,52,275,145,118,361,99,1002,803,340,662,270,269,253,332,848,646,117,404
269,18,403,137,24,26,141,279,182,104,87,98,365,11,611,550,84,642,530,152,69,13
270,53,6,175,190,358,50,37,240,241,360,261,79,201,32,255,119,274,276,257,109,126
271,52,96,145,176,275,118,52,662,351,61,88,1002,99,12,306,332,361,723,11,154,646
272,859,87,78,104,84,403,69,550,137,432,210,11,642,365,687,141,406,121,303,25,182
273,537,32,368,241,201,274,217,102,322,248,119,261,175,192,255,240,100,35,67,330,470
274,96,11,78,69,87,141,687,210,25,104,74,154,50,306,365,403,427,84,356,432,13
275,518,145,275,176,52,118,1002,803,662,99,96,340,361,117,332,885,269,848,253,270,49
276,404,646,99,281,96,158,105,743,404,61,140,290,44,244,2,490,262,711,73,942,848
277,253,176,145,52,99,275,96,118,361,1002,803,340,662,117,848,44,646,269,332,270,252
278,1319,52,176,145,275,118,96,99,361,1002,662,803,340,332,117,269,848,44,885,270,646
279,642,201,32,241,274,175,102,217,368,322,100,67,240,261,248,6,408,255,192,119,35
280,685,103,183,157,348,115,7,202,232,455,113,102,248,162,312,23,180,473,217,322,257
281,949,50,501,511,90,190,134,356,859,358,149,59,659,53,687,25,210,598,1041,593,181
282,347,711,158,61,646,131,96,290,2,262,281,490,510,743,140,270,404,326,566,185,99
283,385,175,201,241,6,261,37,79,126,109,240,67,274,32,844,255,102,686,100,119,360
284,663,119,192,368,102,248,255,241,274,58,101,167,330,470,175,569,35,162,289,240,100
285,248,102,162,217,157,32,103,408,257,113,312,348,322,218,201,192,230,240,23,241,368
286,947,364,998,604,56,329,206,755,672,809,283,823,467,194,789,1077,1026,677,822,574,1042
287,275,1002,275,145,803,176,52,662,118,253,340,96,361,99,117,332,270,876,723,885,86
288,24,137,403,24,104,141,26,87,78,365,84,11,210,550,182,642,69,13,406,121,279
289,550,50,358,25,53,501,190,90,356,210,687,78,859,11,13,134,141,69,511,243,149
290,698,279,650,26,137,24,530,197,174,132,337,182,522,445,513,351,403,152,696,524,951
291,158,662,275,145,885,52,803,118,1002,332,723,176,117,458,1168,361,188,340,96,392,913
292,341,403,141,69,78,13,137,11,87,550,365,25,104,210,121,84,642,53,358,24,50
293,848,99,44,52,176,96,646,361,404,118,848,145,49,105,269,252,270,340,281,625,275
294,175,32,217,201,102,241,322,368,261,162,240,248,100,255,67,190,50,408,192,358,6
295,158,217,32,322,102,368,423,248,358,348,201,162,50,241,167,192,222,408,330,190,470
296,644,423,565,274,491,663,343,10,308,236,330,167,119,54,259,321,58,222,368,431,93
297,1010,50,25,501,78,210,356,687,90,11,358,53,69,859,243,134,141,190,598,511,13
298,243,78,11,69,687,50,210,25,432,141,87,104,356,501,243,84,13,365,121,90,550
299,174,137,351,279,26,24,174,530,650,182,132,403,445,197,337,524,611,98,152,88,125
300,839,145,275,52,1002,176,803,118,662,340,99,117,361,885,332,96,253,269,848,44,876
301,240,248,368,102,192,330,217,322,32,58,157,119,348,167,470,162,408,241,35,255,222
302,141,650,279,509,174,522,530,513,132,166,337,197,553,351,26,24,696,137,463,445,182
303,141,403,141,13,104,137,78,69,87,210,365,550,25,53,84,642,24,358,121,142,11
304,87,423,34,180,367,9,310,479,464,438,292,308,58,527,555,248,663,167,222,227,48
305,330,34,180,423,308,48,438,58,167,248,321,367,431,310,464,527,292,343,54,232,227
306,158,145,275,52,176,1002,118,803,662,99,340,361,117,96,253,332,885,848,269,876,270
307,1152,145,176,52,275,118,96,99,1002,662,361,803,340,332,117,848,269,885,253,270,377
308,149,32,217,102,162,322,201,408,240,241,248,368,192,157,257,298,113,358,348,67,100
309,553,364,56,998,809,9,604,206,194,769,329,547,1026,467,628,823,525,16,311,875,672
310,306,34,527,294,9,367,435,292,48,455,212,83,555,227,173,180,310,232,478,143,202
311,1185,169,216,602,768,1015,339,821,437,1045,526,1185,421,872,869,62,1054,124,672,143,871
312,619,423,10,663,93,34,497,295,472,464,263,479,227,367,378,565,180,343,491,17,644
313,13,369,77,254,749,297,542,147,455,503,457,83,148,473,690,475,220,15,209,376,198
314,1275,185,215,625,116,5,326,131,828,831,396,347,932,244,262,354,281,743,552,105,996
315,746,358,102,175,162,240,190,241,257,201,192,32,217,50,53,119,255,360,368,218,6
316,245,9,364,435,527,34,547,294,769,525,28,447,143,809,160,311,863,823,173,386,339
317,290,650,174,132,530,279,337,26,513,197,509,137,24,182,445,416,524,553,351,191,696
318,140,185,743,131,404,646,711,105,262,510,44,326,281,116,99,244,5,140,270,2,158
319,117,709,755,789,748,283,169,1078,604,437,764,958,998,1042,821,1077,467,1066,364,1059,823
320,74,176,275,52,118,662,96,1002,145,803,340,361,332,885,99,270,253,86,723,269,117
321,576,99,646,96,44,404,176,105,848,281,52,49,361,270,61,118,158,252,269,140,743
322,190,78,50,687,356,210,90,598,69,243,432,501,11,87,25,134,859,104,149,84,511
323,639,351,137,279,174,26,530,24,182,650,403,98,197,132,445,611,152,524,337,125,513
324,61,102,217,32,162,322,408,368,348,358,201,157,192,248,241,113,240,257,103,470,218
325,50,53,358,13,141,210,25,78,403,50,11,190,69,104,142,365,687,501,178,642,87
326,37,423,378,585,663,295,93,472,316,897,497,10,263,474,34,65,17,758,464,300,565
327,61,176,96,99,52,145,118,361,275,646,848,340,44,404,270,1002,269,252,803,61,49
328,753,351,279,650,26,174,137,530,24,337,445,132,182,197,524,513,509,403,152,166,611
329,1074,50,190,358,90,501,53,356,25,511,859,59,210,687,134,149,659,598,78,243,181
330,141,403,137,24,26,279,351,88,11,104,550,182,87,141,365,98,383,306,451,18,84
331,275,275,145,176,1002,52,803,118,662,96,361,117,332,99,340,885,253,269,848,723,270
332,155,32,217,102,201,162,30,241,240,257,362,322,175,255,298,408,192,157,6,368,113
333,93,274,119,491,289,368,10,255,330,192,248,126,109,651,101,569,35,565,300,663,167
334,109,749,83,527,435,147,77,455,369,475,212,294,202,115,473,232,297,7,254,209,310
335,566,176,99,52,96,145,118,361,275,646,44,340,848,1002,404,269,270,803,252,332,662
336,34,423,34,93,464,367,663,378,555,497,227,585,180,438,48,263,897,644,472,9,292
337,137,180,58,423,308,34,321,367,167,248,48,464,431,438,57,310,245,54,479,343,222
338,803,275,145,1002,662,176,52,803,118,885,96,117,361,332,340,99,723,253,269,458,86
339,458,275,145,803,1002,662,52,117,118,885,176,332,340,723,188,253,99,361,876,913,1168
340,615,34,367,180,48,464,310,423,555,292,527,438,227,232,54,294,478,308,431,58,9
341,989,11,88,74,383,403,550,87,12,306,432,178,104,303,78,406,154,137,84,351,26
342,761,650,174,337,351,445,26,279,509,513,132,191,670,530,524,307,182,489,197,166,466
343,306,437,457,526,623,542,297,220,198,77,147,339,169,15,872,216,62,690,369,749,958
344,589,364,527,9,547,823,435,769,525,604,809,542,294,34,206,329,15,194,56,297,417
345,86,99,646,96,44,105,404,625,281,848,176,361,270,52,49,140,61,262,743,158,118
346,157,102,162,157,32,217,408,312,103,257,113,348,218,230,23,322,240,201,358,192,7
347,550,11,182,104,78,87,687,137,432,84,406,306,26,957,670,243,303,210,356,365,174
348,522,509,513,466,553,522,650,166,837,696,1070,463,879,416,759,515,371,191,333,174,990
349,578,34,9,464,527,953,294,367,292,324,423,555,435,227,585,897,547,284,378,447,588
350,752,625,52,99,145,876,118,674,340,592,117,1002,1172,803,188,44,1081,49,176,848,275
351,934,201,175,274,844,241,6,300,261,126,37,10,255,109,686,187,119,67,565,289,79
352,289,217,32,30,157,102,162,257,113,103,312,348,192,408,248,322,23,362,183,114,368
353,559,102,192,162,368,119,241,175,257,240,32,255,217,248,157,218,569,201,101,274,322
354,864,1045,169,821,1054,1185,1015,216,864,878,768,871,869,283,437,1078,856,748,709,602,492
355,566,646,290,158,99,244,44,140,105,281,743,404,61,96,2,490,49,73,347,942,848
356,912,275,145,1002,52,803,176,662,118,117,99,361,340,96,885,332,253,269,723,848,876
357,553,509,522,553,466,650,513,166,696,463,837,1070,515,879,174,416,333,337,415,191,759
358,176,99,176,52,145,96,118,361,275,646,848,340,270,44,1002,625,269,404,803,49,253
359,743,711,2,158,490,131,290,61,510,646,140,743,326,281,185,116,5,262,566,96,244
360,486,137,182,26,24,403,104,87,174,18,279,550,406,132,84,337,611,445,197,650,530
361,32,102,162,32,257,217,157,201,408,113,240,241,312,192,175,103,218,368,322,348,298
362,169,62,339,143,872,212,512,315,526,114,155,395,76,437,216,151,649,768,602,77,457
363,190,312,257,162,157,183,217,102,113,103,32,408,473,7,30,202,348,23,77,358,218
364,457,526,143,339,62,212,77,749,315,512,83,147,457,297,455,437,369,872,254,475,473
365,75,364,604,998,56,329,206,467,823,809,1026,789,194,755,283,927,15,822,672,574,820
366,726,368,119,274,255,192,248,491,330,289,241,35,101,167,175,222,94,240,102,569,109
367,529,299,403,137,182,24,104,279,509,174,337,26,530,650,230,413,451,351,463,102,157
368,272,364,526,542,823,15,329,604,297,147,417,194,457,339,198,220,998,56,809,547,206
369,316,275,145,176,96,1002,52,662,118,340,99,361,270,253,803,61,723,86,332,269,848
370,934,99,176,96,270,340,52,361,848,404,867,646,118,262,269,44,625,253,49,1002,145
371,1116,339,872,768,169,1015,62,216,526,602,437,143,649,421,124,871,315,869,821,1054,1045
372,30,872,62,339,143,526,512,315,437,212,768,216,114,76,649,1015,395,169,155,151,602
373,557,526,437,339,457,872,542,143,62,297,169,768,602,216,198,77,147,15,623,220,1015
374,140,96,176,61,145,646,99,118,158,275,52,361,290,281,270,848,404,252,262,1002,496
375,318,10,844,6,109,37,126,261,686,300,67,274,495,242,236,722,572,459,276,436,654
376,942,348,232,192,202,103,157,248,7,183,102,113,162,312,58,310,308,217,27,433,322
377,96,340,52,176,1002,99,803,674,625,270,253,361,118,275,662,848,867,876,269,332,145
378,484,924,68,300,844,10,507,572,758,694,72,170,331,608,236,187,946,334,686,771,565
379,49,646,711,281,158,185,96,99,270,262,743,290,61,131,140,404,105,326,2,5,490
380,45,104,87,432,84,550,78,303,406,403,18,69,121,11,365,642,850,687,141,137,243
381,568,78,210,403,69,141,137,87,642,550,121,84,50,11,365,25,104,687,13,432,243
382,54,158,290,2,490,646,711,140,743,61,244,131,281,116,185,510,326,404,73,566,44
383,145,275,1002,145,662,803,52,118,176,253,340,723,117,885,86,361,96,332,876,99,270
384,535,279,137,26,650,24,530,174,197,132,351,182,403,337,445,611,524,98,152,513,522
385,185,131,673,56,396,711,578,831,1085,185,2,5,770,1022,283,552,17,467,755,1159,215
386,746,175,126,109,261,274,6,241,686,844,119,37,187,300,255,608,95,79,239,201,289
387,432,50,78,25,210,687,356,69,11,90,501,141,243,598,53,358,104,87,13,859,134
388,707,131,711,2,185,116,5,490,326,244,215,831,510,290,743,281,396,140,347,262,158
389,540,274,109,126,119,368,175,491,255,241,686,261,289,844,569,330,35,6,100,300,192
390,125,210,104,50,78,25,87,69,53,687,84,358,141,13,403,642,365,550,121,190,501
391,711,77,457,254,369,297,542,749,147,473,437,623,503,220,198,690,526,455,209,475,148
392,489,137,403,26,24,182,104,87,18,550,406,84,279,303,611,642,174,530,365,299,268
393,473,455,77,254,473,173,527,83,369,34,115,232,475,571,749,148,202,48,294,209,791
394,5,96,176,52,361,118,99,275,270,646,61,145,340,404,1002,158,848,662,332,803,269
395,148,104,87,403,550,84,18,406,78,303,432,137,121,642,365,850,69,141,13,24,182
396,990,509,522,166,650,513,696,553,279,466,351,463,174,530,837,416,337,879,132,191,515
397,529,104,403,34,87,550,137,84,48,18,180,310,232,527,367,24,13,141,227,365,292
398,27,102,32,192,368,217,408,162,157,241,248,100,201,240,255,58,348,322,470,218,113
399,361,176,96,99,52,145,118,275,361,1002,340,270,646,803,848,269,662,44,253,404,332
400,61,279,24,26,137,650,403,530,182,197,337,174,413,132,152,611,445,98,772,575,18
401,711,646,99,96,61,281,158,105,404,176,262,270,44,290,140,848,743,711,49,361,2
402,788,650,279,132,337,509,174,530,26,197,24,445,137,513,522,351,166,182,524,553,696
403,1284,889,256,1250,1306,736,800,813,1133,172,1282,1199,1251,396,1174,249,1271,827,1286,673,1086
404,145,145,275,176,52,118,1002,96,803,361,99,662,340,253,117,332,270,848,885,269,646
405,401,423,663,10,93,338,343,565,464,263,644,491,54,308,58,57,391,167,321,405,472
406,210,711,131,2,490,158,290,61,510,326,116,5,281,262,185,646,140,743,96,566,552
407,410,511,659,134,149,90,593,501,300,663,68,1041,598,10,859,758,50,223,565,924,356
408,408,339,143,9,212,527,34,435,62,294,292,315,173,512,526,872,77,83,547,311,525
409,451,87,403,137,104,550,84,78,406,18,303,24,365,26,69,141,11,642,121,432,182
410,1298,423,378,585,497,34,663,472,93,295,17,695,897,555,316,953,474,284,527,263,65
411,674,176,145,52,275,96,118,99,361,1002,662,803,340,332,117,848,269,646,270,253,885
412,131,99,44,646,625,105,96,404,848,176,49,52,361,281,270,262,867,592,743,118,140
413,260,192,102,248,58,157,162,32,348,322,30,368,119,217,470,257,113,103,321,408,54
414,1048,466,509,553,513,837,522,166,515,696,759,990,650,333,127,879,681,1070,463,168,382
415,405,180,308,423,232,48,58,167,310,431,248,57,321,438,54,202,34,367,348,368,343
416,73,50,134,358,96,190,158,511,61,90,501,53,149,290,356,25,154,646,11,687,59
417,762,1045,169,821,216,283,1015,1078,1054,768,437,748,709,755,602,1185,421,764,1182,869,789
418,682,274,119,368,255,241,289,175,6,300,37,569,126,685,240,192,201,109,261,50,276
419,134,358,50,190,175,241,53,201,240,102,217,162,255,32,360,6,119,126,59,569,257
420,362,32,201,241,102,175,217,240,162,6,408,261,257,322,192,37,368,255,67,360,100
421,515,650,174,26,337,279,530,132,182,445,137,351,24,197,524,307,513,509,191,611,416
422,615,180,58,248,321,54,308,167,192,48,119,310,57,348,431,102,470,232,368,245,27
423,270,99,52,176,340,118,145,96,848,361,275,1002,44,269,270,625,803,49,867,404,646
424,214,52,145,275,803,176,1002,118,662,117,361,340,332,99,885,96,269,253,44,848,723
425,44,646,96,99,61,158,176,281,404,290,105,44,270,140,361,848,262,743,52,49,711
426,87,78,69,141,687,210,25,11,50,104,87,13,365,550,501,84,53,121,432,403,642
427,409,145,275,96,176,118,351,662,52,1002,403,137,279,88,723,306,24,61,11,26,141
428,545,248,58,348,192,157,102,30,162,114,103,232,257,183,113,470,180,321,54,322,202
429,252,711,131,2,185,326,116,5,281,490,262,290,646,158,743,140,61,625,510,105,831
430,142,50,190,90,358,356,501,175,241,59,201,859,53,25,511,240,134,255,217,6,126
431,362,10,491,565,236,663,274,758,343,119,423,68,300,259,844,686,93,694,338,680,428
432,780,169,602,216,768,1015,1045,821,339,421,672,526,1185,283,437,998,124,748,823,1054,869
433,502,368,248,192,119,102,58,167,255,217,322,330,470,348,222,274,101,180,321,162,157
434,174,650,279,26,132,174,530,337,509,197,513,24,445,522,137,351,166,553,696,524,182
435,840,423,663,93,34,378,464,295,227,472,478,263,316,180,10,565,431,308,367,135,491
436,107,137,279,24,26,650,174,182,530,132,197,337,403,445,351,611,152,524,98,772,413
437,876,176,145,275,52,96,118,99,1002,361,662,803,340,332,117,270,848,646,269,253,885
438,821,623,457,437,220,542,198,958,15,297,147,818,1078,764,169,426,1180,690,522,526,696
439,59,792,694,68,170,507,331,770,844,924,1090,72,758,10,565,93,572,968,663,378,691
440,1064,306,687,11,104,432,78,53,243,500,74,210,383,178,501,142,351,189,610,25,403
441,352,77,455,369,749,83,254,527,173,475,473,148,503,571,209,774,297,115,147,34,9
442,705,131,711,185,2,5,490,116,244,510,326,396,831,743,1085,347,797,290,140,215,381
443,118,625,340,674,99,52,867,270,876,253,1002,176,848,269,1081,118,361,803,86,44,262
444,244,52,99,145,176,118,625,44,275,340,49,1002,848,361,876,96,269,592,803,117,105
445,699,78,210,104,69,50,25,87,141,11,84,403,365,687,137,642,432,550,121,356,243
446,1199,723,885,392,803,1168,188,662,1002,117,913,458,275,622,909,332,145,568,783,52,912
447,311,423,180,167,308,321,431,438,248,58,34,663,222,343,57,367,464,48,54,245,368
448,266,34,464,367,423,9,292,555,310,527,479,48,180,953,438,284,227,294,543,233,588
449,755,220,437,457,542,958,198,623,15,818,297,526,764,1078,169,147,364,690,449,1180,823
450,50,358,217,32,102,162,53,322,103,113,348,257,190,50,312,157,408,248,241,240,368
451,214,176,96,52,275,1002,662,340,361,145,118,803,270,99,253,332,86,269,848,885,646
452,490,96,176,646,99,52,118,361,145,61,404,275,44,158,848,270,105,340,252,269,332
453,728,44,625,99,52,592,674,518,813,117,246,49,1168,848,145,118,876,932,269,188,361
454,32,202,455,115,232,473,83,475,749,183,209,369,77,791,403,254,48,148,7,103,355
455,158,711,131,262,326,185,281,5,2,116,158,61,510,646,552,490,270,743,867,140,96
456,909,501,50,134,511,149,90,659,356,859,53,358,190,687,598,59,25,243,1041,533,500
457,5,176,96,52,145,275,99,361,118,270,1002,340,803,662,253,646,848,269,332,404,61
458,308,102,157,348,162,217,103,408,192,248,32,113,312,322,368,257,23,230,167,470,58
459,460,432,427,949,957,598,74,189,687,593,11,134,356,511,659,78,533,1088,149,243,446
460,501,50,501,90,356,511,859,25,134,687,358,210,78,149,53,190,598,243,11,659,69
461,61,137,26,24,182,279,174,132,650,403,530,337,445,351,197,611,18,87,152,125,406
462,468,34,527,48,367,464,455,173,555,9,292,83,294,232,423,284,435,554,227,115,774
463,27,157,202,103,183,232,348,102,115,162,7,312,113,473,23,257,455,248,217,408,30
464,953,455,83,294,77,527,232,369,473,749,115,202,435,475,34,254,9,148,209,292,173
465,152,423,180,58,167,343,431,54,248,308,48,321,464,57,310,438,491,245,367,663,479
466,279,11,306,74,687,178,154,427,78,50,356,31,243,25,501,210,88,358,149,53,383
467,310,403,137,24,104,34,26,527,83,455,294,18,550,9,435,87,115,232,749,369,182
468,593,78,423,501,104,432,687,13,149,69,663,87,511,90,142,338,53,358,598,378,34
469,190,659,134,90,50,511,149,501,844,598,663,593,859,300,356,758,126,687,10,565,255
470,37,201,241,175,102,32,217,240,6,368,100,192,261,162,255,408,35,67,119,322,298
471,1195,1002,275,662,145,176,803,52,340,118,253,96,361,99,332,723,86,885,270,117,876
472,1131,77,369,83,749,147,254,455,297,527,503,542,435,148,173,475,473,15,526,209,690
473,264,78,687,50,356,598,432,69,90,210,243,501,87,25,134,859,511,104,11,84,659
474,53,11,74,306,154,78,178,427,88,432,383,87,104,687,639,550,69,141,303,365,406
475,138,248,348,192,58,157,103,30,217,368,102,180,322,32,167,113,222,308,470,330,162
476,87,141,403,78,69,13,210,25,11,365,104,53,87,137,358,50,550,84,642,121,687
477,906,102,157,348,162,103,248,217,192,113,32,408,368,322,312,470,257,58,180,23,218
478,274,294,435,34,527,403,232,83,77,455,212,13,473,115,173,202,369,254,475,749,292
479,50,650,509,513,174,337,166,466,553,132,279,191,522,351,445,1070,837,696,416,879,530
480,997,131,711,326,2,185,116,5,490,262,510,281,552,831,290,215,158,743,140,61,244
481,383,11,358,53,25,50,141,154,13,210,306,78,190,501,69,74,427,687,356,178,365
482,180,34,9,527,227,294,180,435,292,367,554,547,555,438,423,48,310,479,308,57,433
483,6,175,274,241,126,6,119,261,201,37,240,255,109,79,368,569,192,95,100,686,289
484,281,650,279,24,137,26,337,174,182,530,197,132,509,445,403,463,522,513,413,611,1012
485,199,87,104,432,78,84,550,687,11,406,69,403,303,182,137,642,365,243,141,121,210
486,1072,30,32,408,362,114,217,157,162,348,7,759,312,698,102,113,257,230,298,470,151
487,1133,1002,803,275,145,662,52,117,118,340,723,876,885,253,332,176,188,392,86,625,913
488,730,364,169,604,748,823,789,755,56,998,467,709,329,672,809,283,206,602,822,216,1042
489,388,78,104,69,87,141,13,210,84,550,25,403,365,687,642,50,121,303,53,142,432
490,466,143,9,339,435,364,294,34,527,62,212,547,769,526,823,315,525,311,447,809,512
491,753,26,650,279,24,137,197,337,530,182,132,174,152,403,445,611,18,107,413,575,443
492,947,364,672,998,56,604,206,809,602,823,329,677,820,1026,169,194,1022,467,755,547,1062
493,362,192,119,58,248,54,368,321,167,308,274,102,255,491,330,431,180,101,470,423,343
494,512,62,339,872,143,315,512,212,395,114,526,216,155,768,76,649,437,151,1015,602,1116
495,1298,131,711,185,743,2,510,326,490,116,158,5,646,140,290,281,262,244,404,105,566
496,332,96,176,61,646,158,361,52,118,99,290,404,50,145,358,275,53,190,270,44,566
497,711,711,131,2,290,490,158,326,61,116,281,185,510,5,140,646,262,743,566,244,1
498,981,275,662,145,1002,803,885,118,52,723,176,117,332,340,458,361,253,96,188,86,912
499,607,663,423,664,378,34,93,565,10,316,263,295,432,497,472,464,300,308,897,227,104
500,434,403,26,24,137,279,297,369,542,77,152,364,147,435,220,15,749,530,254,457,690
501,106,180,34,48,232,310,202,367,438,455,115,527,58,292,308,167,248,423,464,321,57
502,202,275,1002,145,662,176,118,253,351,403,96,723,803,340,52,86,1112,13,141,279,306
503,461,32,201,217,50,241,190,358,6,175,240,102,37,67,360,261,322,109,255,162,119
504,24,279,351,137,24,26,530,650,174,403,197,132,337,182,445,522,98,166,696,152,951
505,215,711,131,2,158,490,290,61,510,326,185,262,5,116,646,281,140,743,552,566,96
506,358,232,202,115,455,183,473,48,475,83,791,180,77,310,355,7,103,749,58,318,254
507,52,275,145,662,1002,52,803,176,118,885,117,96,332,361,340,99,723,253,269,458,377
508,848,99,625,52,176,118,44,145,848,96,361,49,867,340,646,105,592,270,876,269,674
509,25,32,102,217,162,201,241,240,408,175,257,322,157,192,298,368,6,113,360,100,312
510,351,102,217,162,32,157,408,348,103,113,312,322,257,7,23,358,230,248,218,470,192
511,340,99,270,646,96,44,625,404,361,176,52,848,105,262,340,281,674,269,49,118,743
512,217,180,34,423,367,48,308,431,464,227,438,248,321,167,58,478,54,310,555,57,245
513,513,509,650,513,522,166,466,553,174,337,696,463,279,191,132,837,416,530,1070,351,445
514,358,358,190,50,53,162,25,217,102,32,257,201,240,241,59,175,360,501,210,312,408
515,241,32,217,102,201,241,162,322,240,408,368,192,157,175,248,100,298,255,67,257,113
516,783,275,145,1002,803,662,52,118,117,176,885,723,340,332,253,99,361,188,876,458,96
517,166,432,78,104,87,84,303,550,687,598,243,406,69,121,11,74,850,533,189,149,642
518,666,174,650,351,509,191,513,466,337,132,553,837,182,524,1070,166,416,445,279,879,307
519,490,650,279,509,174,513,337,132,351,530,522,166,197,26,445,191,696,24,553,416,137
520,66,77,369,254,297,749,542,148,147,455,503,457,690,473,83,15,475,209,220,198,571
521,1039,403,137,11,141,306,26,351,24,78,210,25,69,365,87,121,550,182,88,104,642
522,368,102,58,157,348,248,103,192,180,162,217,322,113,368,32,408,470,232,7,183,23
523,670,192,368,248,102,32,119,322,217,58,274,330,470,167,255,240,100,201,101,348,157
524,738,180,137,18,403,104,87,84,58,550,48,248,24,227,222,103,121,167,348,423,102
525,711,275,1002,803,145,662,885,117,118,52,176,332,723,253,361,1195,340,458,86,96,876
526,117,145,275,52,803,1002,118,176,662,117,332,885,340,361,99,96,723,253,269,876,568
527,1231,275,145,176,96,662,118,1002,52,361,340,723,803,99,403,61,332,885,351,141,253
528,671,175,241,192,102,255,119,257,368,240,217,162,569,274,201,32,289,6,101,100,248
529,909,99,44,625,49,848,105,646,592,52,404,269,252,674,281,176,244,118,73,867,361
530,5,188,803,1002,117,909,52,145,392,1168,876,913,723,662,1172,340,275,926,625,885,118
531,949,711,131,2,158,490,290,281,61,262,326,646,510,185,5,116,743,140,96,566,105
532,158,663,423,274,119,565,10,491,167,330,321,308,58,300,343,248,431,368,236,338,54
533,1206,364,604,823,15,526,435,809,206,769,542,297,547,525,329,143,9,339,417,527,1026
534,550,11,78,74,687,306,87,104,154,69,432,427,141,178,365,84,210,550,243,25,403
535,374,364,435,527,9,547,297,369,769,15,294,542,525,604,173,34,809,690,823,77,160
536,611,509,650,522,466,553,513,166,337,696,463,174,879,837,1070,416,191,279,132,515,415
537,947,527,34,294,83,9,435,403,24,455,137,364,227,749,547,369,147,173,26,292,202
538,167,248,58,180,192,167,54,321,308,368,119,470,431,348,245,102,330,343,48,322,57
539,298,455,473,202,115,232,475,77,83,183,749,254,209,369,48,148,791,355,503,527,7
540,386,364,9,823,527,435,542,809,15,604,526,547,339,143,294,297,820,769,417,147,525
541,245,511,300,663,119,10,149,501,659,50,134,90,565,126,255,423,289,274,758,68,491
542,86,96,646,99,61,176,158,404,44,281,361,848,105,52,270,290,140,252,118,49,262
543,496,351,279,26,24,403,137,88,530,650,174,182,337,197,299,413,445,152,383,12,166
544,679,509,650,513,522,166,466,553,696,337,174,191,837,132,463,279,1070,416,307,879,445
545,864,169,437,216,768,821,1015,1045,1054,872,526,602,869,339,623,1185,124,871,62,421,457
546,745,30,32,217,114,362,248,322,102,162,192,368,255,257,157,119,113,240,348,100,241
547,168,283,467,789,755,998,709,364,56,604,329,823,748,206,822,1182,1042,764,677,169,1022
548,674,275,145,1002,803,52,176,662,118,117,361,340,96,885,253,332,99,86,723,269,270
549,436,119,274,255,175,126,368,569,241,109,192,6,491,289,242,35,100,101,261,95,330
550,1068,509,650,522,513,553,166,466,696,174,337,463,279,837,1070,879,132,191,530,416,351
551,177,137,26,182,24,174,279,650,337,445,132,530,403,197,351,611,18,87,104,299,125
552,99,24,137,403,26,279,527,182,18,197,104,83,369,34,455,9,530,749,550,435,152
553,662,403,137,141,78,87,11,104,365,69,24,26,550,84,642,13,210,121,406,25,306
554,162,175,6,201,241,261,37,79,126,240,32,109,67,102,844,255,360,686,100,217,119
555,364,34,423,9,527,367,180,292,464,294,227,48,555,310,308,438,435,478,479,431,543
556,803,509,650,466,553,513,522,166,696,837,463,174,337,1070,879,191,416,132,515,279,307
557,1016,262,867,99,625,270,96,340,176,281,848,646,52,105,876,674,253,185,326,404,361
558,1190,348,7,217,455,157,202,232,180,115,103,248,83,183,322,473,32,102,113,30,310
559,314,364,56,467,604,998,329,823,206,789,283,809,755,194,709,1026,822,927,15,574,1042
560,336,711,2,131,290,490,158,185,743,140,646,510,244,61,281,116,326,5,404,566,105
561,490,50,356,90,511,134,687,501,859,598,149,78,659,243,210,25,500,593,533,427,11
562,858,11,403,141,137,306,13,53,25,154,78,365,358,210,24,69,26,88,351,74,178
563,792,423,663,10,565,93,694,758,263,68,295,497,792,472,331,378,170,236,1090,300,897
564,167,175,241,201,6,240,102,192,261,32,119,368,255,274,100,126,37,569,217,79,67
565,443,279,137,24,26,650,530,197,174,132,182,337,403,445,351,152,611,98,524,951,772
566,351,687,78,501,598,432,149,11,134,50,243,511,90,356,104,74,659,69,859,53,533
567,140,279,351,650,26,174,137,24,337,530,182,445,132,197,509,403,524,611,513,166,12
568,138,34,527,9,455,83,294,435,292,173,77,232,749,369,115,367,475,48,310,202,473
569,74,96,11,403,176,53,154,306,141,358,13,61,145,275,78,88,25,118,365,74,178
570,334,262,96,270,99,281,867,711,646,176,105,61,340,625,131,404,326,158,848,185,52
571,337,9,34,527,435,294,547,364,525,769,311,447,292,173,324,227,1026,554,160,83,367
572,50,844,300,72,565,572,507,924,694,68,10,331,334,236,6,200,37,79,274,201,170
573,500,102,162,157,192,32,368,217,408,103,348,257,113,248,218,322,312,241,240,58,201
574,406,78,87,104,403,69,550,84,210,141,642,365,137,121,11,406,432,687,303,25,50
575,241,102,217,32,162,201,368,408,241,240,322,157,257,192,113,175,348,103,248,298,218
576,72,457,623,77,437,542,369,254,297,749,147,198,220,503,473,455,209,526,475,690,83
577,887,364,823,604,998,56,329,206,467,789,283,809,755,822,194,574,672,709,748,15,1026
578,1133,1002,803,188,723,392,662,117,885,275,1168,145,913,876,52,909,340,118,332,926,1172
579,559,844,758,236,565,10,68,694,300,924,572,663,274,686,491,109,126,459,187,507,331
580,1002,650,364,279,26,337,56,197,530,509,823,24,513,467,463,434,174,329,604,234,132
581,834,509,650,522,513,166,553,466,696,837,463,174,416,279,1070,337,879,191,351,132,530
582,1028,34,9,527,367,464,48,292,227,294,555,423,180,953,438,435,554,324,547,4,18
583,1053,356,50,90,134,687,511,598,859,659,501,78,149,243,210,593,25,500,533,432,69
584,831,131,185,711,116,5,326,2,215,510,396,831,490,244,743,347,552,1085,262,281,140
585,247,137,26,24,279,403,182,530,197,132,650,611,337,174,351,152,98,104,445,18,87
586,90,11,74,78,87,306,104,88,137,178,550,154,406,403,383,303,432,84,365,69,687
587,189,68,93,694,663,792,565,263,497,758,10,295,897,472,423,170,1090,770,65,331,378
588,88,96,176,52,275,340,361,270,118,1002,99,662,145,61,253,646,803,262,404,848,269
589,285,32,102,241,217,201,322,192,162,368,240,255,248,119,408,175,67,100,348,157,470
590,849,50,25,210,78,11,141,687,358,53,69,13,501,356,365,243,90,104,190,154,87
591,44,176,145,52,96,275,118,99,361,1002,662,803,340,646,332,848,117,269,252,44,270
592,26,145,275,351,118,176,96,662,723,1002,52,279,88,1112,12,1134,306,458,696,530,137
593,876,275,145,1002,662,803,52,118,176,117,885,723,340,332,253,361,99,876,96,86,458
594,276,290,158,61,490,711,2,646,96,140,281,743,131,566,1,510,404,358,244,190,326
595,1012,137,24,26,403,279,182,530,132,351,197,174,445,650,152,87,611,98,337,18,104
596,1267,217,32,358,102,348,162,408,201,298,322,157,190,240,50,241,257,113,53,103,368
597,93,527,455,34,9,83,173,294,77,435,749,369,292,475,367,115,254,232,473,148,48
598,24,141,403,11,13,137,25,69,78,210,365,104,53,87,358,550,642,50,121,84,24
599,1177,169,437,1078,216,958,764,821,1045,623,748,602,768,526,1054,1015,457,220,1042,542,818
600,300,102,162,358,32,217,201,240,175,190,53,408,257,241,50,157,298,360,192,357,312
601,167,201,32,102,217,408,162,241,157,322,192,175,240,257,348,298,113,248,6,368,312
602,1267,174,182,337,650,26,670,132,445,524,137,530,197,279,24,772,351,191,489,957,307
603,1113,709,522,166,466,513,553,509,696,698,506,333,990,858,755,127,759,837,415,1182,879
604,498,34,423,464,367,555,953,9,527,227,292,324,497,585,93,294,48,378,663,897,65
605,893,201,241,175,217,6,32,274,255,300,844,261,37,289,67,109,119,10,368,100,126
606,292,180,48,58,248,423,232,308,54,431,167,367,321,310,343,202,192,478,34,438,245
607,692,99,96,52,176,646,44,118,848,49,105,145,625,404,361,281,269,270,340,867,252
608,871,169,1045,821,1054,1185,216,1015,869,768,871,602,437,864,878,1078,856,492,1166,124,748
609,867,232,202,115,455,183,180,48,473,103,310,83,58,475,248,157,23,791,7,348,27
610,650,650,279,174,513,509,132,530,522,351,337,416,166,696,553,197,445,26,191,24,524
611,356,11,78,50,25,141,154,210,69,427,687,74,53,306,13,356,501,358,90,243,365
612,367,34,423,367,464,180,555,48,227,292,438,9,527,308,310,167,58,431,343,663,644
613,518,145,1002,52,275,118,803,176,340,662,99,625,876,117,253,332,361,723,188,848,269
614,1140,364,604,56,998,206,809,823,329,194,1026,467,672,769,628,927,547,820,9,875,311
615,39,32,241,175,201,217,102,240,6,261,100,368,162,255,67,192,37,408,322,119,257
616,921,437,526,457,169,339,216,542,220,768,602,62,297,872,198,15,623,958,147,1015,143
617,328,358,50,53,190,25,210,501,90,356,687,59,13,78,141,859,102,217,69,162,142
618,607,821,169,1045,1054,283,216,1078,748,1185,1015,709,755,437,789,768,869,602,1182,764,1042
619,646,711,262,646,281,96,61,158,131,270,99,2,326,185,105,743,404,140,290,5,490
620,512,437,169,872,339,216,526,768,62,1015,602,143,457,869,421,623,124,1054,315,821,649
621,660,275,145,1002,723,662,803,118,52,885,332,176,458,117,340,253,188,876,392,913,86
622,320,217,102,32,248,322,157,348,408,162,368,180,103,192,201,113,470,58,241,222,298
623,910,542,457,220,297,198,15,437,147,526,690,623,818,958,369,77,417,376,370,364,749
624,348,248,102,192,322,58,368,157,180,217,348,32,408,470,162,167,201,103,35,222,119
625,96,158,646,61,96,290,711,99,281,140,404,176,358,270,2,361,490,743,44,566,262
626,7,248,348,192,368,102,58,167,119,180,308,157,322,103,162,470,321,54,330,101,217
627,471,423,34,464,663,367,378,180,438,48,93,555,292,308,227,431,167,644,527,478,338
628,30,232,202,103,157,183,115,348,58,7,180,102,248,473,310,455,113,162,192,27,312
629,158,176,96,340,52,275,1002,270,361,662,145,253,118,99,803,867,262,86,848,269,61
630,1215,145,275,176,52,1002,118,803,96,662,361,99,340,117,253,332,269,885,270,848,86
631,956,290,711,158,2,490,61,646,131,281,140,96,326,743,510,116,244,262,185,566,1
632,1043,792,295,93,497,423,663,1090,10,694,263,68,472,758,378,170,565,770,897,65,331
633,131,202,157,232,103,183,115,348,102,23,7,113,455,312,473,162,248,192,58,180,257
634,125,509,466,709,553,283,513,166,333,755,127,522,681,515,990,789,879,696,506,837,415
635,737,509,650,513,522,166,553,466,696,416,837,174,463,337,191,1070,879,132,279,515,530
636,979,437,623,958,169,1078,764,457,220,748,821,198,542,216,818,618,1180,15,709,426,449
637,507,99,646,96,281,176,105,61,270,262,158,848,404,44,49,625,140,867,711,361,52
638,384,711,131,262,281,326,61,158,646,2,96,5,116,185,270,510,490,743,140,105,867
639,408,176,99,52,145,96,118,275,361,340,1002,848,270,269,803,646,44,662,49,404,253
640,559,248,180,232,202,348,157,103,58,115,102,183,192,310,27,48,7,167,470,113,308
641,69,141,11,78,25,69,210,13,53,50,403,358,365,104,87,687,154,121,642,550,306
642,178,137,26,24,279,403,351,530,182,132,197,174,152,98,611,445,650,337,88,141,550
643,182,137,24,26,174,182,279,403,351,650,132,445,530,197,337,611,87,125,98,152,104
644,724,34,464,423,367,292,9,48,527,555,180,294,438,227,310,284,953,479,588,308,173
645,154,169,216,768,1015,437,1045,602,821,872,339,1054,526,869,1185,62,871,124,421,1166,1078
646,780,180,232,248,157,58,192,202,348,103,102,183,30,27,115,310,48,368,167,54,113
647,467,364,329,604,998,823,206,56,809,467,194,15,789,755,672,1026,283,574,602,1042,820
648,683,176,275,145,52,118,96,662,361,1002,332,803,885,99,117,340,646,358,50,44,269
649,490,1002,340,275,662,176,77,254,96,253,270,52,803,361,86,369,145,118,232,473,867
650,118,711,131,2,158,490,326,290,61,262,116,281,185,510,5,646,140,743,96,552,270
651,544,792,1173,1330,770,883,836,68,1061,295,1090,429,1272,1181,578,694,170,331,93,897,1328
652,698,137,279,24,26,351,403,530,174,182,650,132,197,98,445,611,152,337,88,87,524
653,104,119,192,368,255,101,167,58,54,569,491,248,431,343,321,289,308,651,221,274,470
654,86,99,176,52,145,118,96,361,275,44,340,1002,848,803,269,646,270,404,49,253,117
655,1298,279,650,24,26,530,522,509,513,463,337,137,197,166,951,696,174,542,132,553,351
656,886,9,294,435,34,527,364,547,525,769,447,311,324,173,292,160,4,953,628,809,1026
657,1223,145,275,1002,52,803,118,662,176,117,340,723,885,99,332,253,876,361,96,86,188
658,360,102,192,248,368,157,162,348,103,217,322,470,113,58,32,257,167,408,119,312,218
659,438,368,192,119,274,248,58,491,167,54,330,343,255,35,101,321,431,308,222,470,289
660,850,137,403,24,26,87,104,550,141,182,365,84,279,78,642,11,406,69,18,121,98
661,326,711,131,158,2,61,490,232,202,115,510,473,262,290,183,254,791,358,475,53,348
662,272,34,464,423,367,555,9,292,527,585,227,284,93,48,497,953,438,378,588,663,644
663,131,711,131,158,2,510,262,61,490,646,290,281,185,326,743,140,5,116,96,270,404
664,50,50,356,687,11,90,78,501,134,511,859,25,210,427,598,149,243,659,69,74,31
665,149,201,241,175,368,102,217,32,240,192,255,119,6,274,322,100,162,261,408,248,67
666,893,201,241,175,32,217,240,102,6,261,368,100,37,255,322,119,274,192,109,67,79
667,1064,625,253,1002,145,340,52,876,176,867,118,99,275,803,270,674,606,848,86,1081,96
668,157,201,175,32,241,240,6,217,102,37,261,79,360,67,162,408,298,190,50,255,257
669,178,339,62,526,143,872,437,216,768,602,212,315,169,512,1015,457,421,297,147,542,649
670,334,102,192,241,255,32,368,201,217,175,119,240,162,100,248,274,322,6,67,408,470
671,231,102,32,175,241,217,201,162,240,408,192,257,368,6,255,157,100,101,298,119,322
672,260,137,403,24,26,279,182,104,87,530,84,550,98,197,18,611,152,406,351,365,132
673,550,217,32,408,437,162,157,312,102,7,257,348,358,623,113,322,103,457,53,298,362
674,786,180,27,248,433,58,310,102,479,321,167,51,322,423,217,528,32,201,222,157,34
675,41,310,180,232,34,423,54,248,367,308,58,202,433,48,321,438,27,527,167,57,455
676,809,403,137,455,83,24,527,104,34,232,115,749,369,202,77,475,473,26,254,294,87
677,1022,364,604,206,823,56,809,998,329,194,547,769,9,1026,467,525,435,927,628,311,527
678,583,52,145,176,118,275,803,99,361,1002,117,332,96,662,340,44,269,885,848,568,252
679,74,102,433,192,248,470,58,32,322,217,162,358,368,308,348,27,54,321,218,408,57
680,717,32,201,241,217,175,261,6,102,240,255,844,322,67,368,37,274,408,109,162,119
681,1124,137,174,26,650,24,279,182,132,351,530,445,197,337,403,611,524,125,152,191,98
682,611,650,509,553,513,174,132,337,466,522,530,279,463,197,166,445,1070,696,24,26,182
683,435,9,527,34,435,294,547,769,525,364,173,292,4,83,160,311,447,554,455,227,367
684,803,96,145,176,275,403,351,137,118,11,141,306,24,88,662,279,154,52,61,26,13
685,53,58,248,54,330,180,343,491,97,308,167,321,423,245,57,48,192,222,119,368,101
686,299,96,176,361,52,270,99,118,340,275,646,61,1002,145,404,662,158,848,262,803,269
687,483,275,145,803,1002,52,118,662,176,117,885,340,361,332,253,99,96,86,269,723,876
688,639,351,88,12,306,11,74,383,178,670,154,174,137,182,78,432,427,87,403,26,639
689,403,274,663,10,491,565,119,300,423,686,109,236,368,330,758,255,343,289,259,126,54
690,255,32,102,217,162,192,201,157,257,248,408,241,30,322,368,240,119,255,348,113,175
691,536,180,423,48,308,248,58,367,431,232,310,167,54,321,34,57,464,478,202,245,438
692,141,137,403,104,87,24,84,26,550,182,18,78,406,365,642,69,141,303,121,279,11
693,33,232,202,183,115,157,103,348,54,248,192,7,473,102,58,455,180,113,312,162,310
694,90,50,78,25,210,11,687,356,501,90,69,358,53,141,243,13,134,859,190,154,598
695,839,96,646,99,61,176,158,281,290,118,145,52,404,361,262,105,848,270,140,711,44
696,55,423,343,167,491,565,274,54,663,259,308,391,544,119,321,330,10,431,236,58,338
697,1064,396,185,215,131,828,673,1085,736,5,831,398,256,116,552,1251,1250,347,326,932,813
698,201,102,217,162,157,32,103,348,322,368,113,248,408,192,257,312,218,470,23,240,58
699,275,275,145,662,1002,176,118,803,52,885,96,117,332,361,340,723,99,253,458,377,269
700,275,145,275,52,1002,118,176,662,803,117,885,332,340,96,361,99,723,253,269,848,876
701,182,201,175,6,37,241,261,32,79,844,620,240,217,126,67,300,334,360,722,109,298
702,168,137,26,403,24,182,104,87,279,550,406,351,174,84,18,88,365,11,303,611,383
703,307,297,435,527,542,369,147,364,77,83,749,9,294,455,15,254,526,417,503,148,173
704,625,625,185,326,932,5,131,116,828,215,674,552,398,660,262,354,831,396,867,996,347
705,5,103,348,102,7,157,113,183,218,162,192,312,248,232,202,257,58,368,322,308,408
706,811,364,604,809,28,9,435,820,823,769,206,1026,329,311,194,547,998,386,56,525,447
707,664,34,527,173,9,435,294,143,571,212,547,455,292,83,77,774,284,364,254,769,369
708,185,646,99,105,44,281,404,743,244,49,96,140,848,73,185,262,158,942,61,270,347
709,219,9,34,527,435,364,294,547,769,447,525,173,311,160,809,324,386,28,292,424,4
710,361,176,96,52,99,145,118,361,275,340,646,1002,848,44,803,269,404,270,662,332,252
711,13,403,78,104,87,141,11,69,365,137,550,84,210,642,13,121,25,406,687,303,432
712,95,26,24,137,279,182,403,18,650,337,197,530,152,174,413,611,104,575,132,550,87
713,623,457,437,623,77,254,297,542,526,198,220,369,147,749,872,473,503,690,339,958,15
714,371,180,34,367,423,48,248,310,464,58,308,438,167,321,431,227,555,57,54,292,245
715,361,96,145,176,351,275,61,118,403,279,137,88,24,306,11,52,26,646,158,99,154
716,190,403,137,11,351,88,26,306,24,154,141,279,104,74,87,365,78,383,178,182,550
717,116,96,145,61,176,118,275,99,262,646,281,351,158,711,290,52,270,867,848,496,361
718,511,50,190,358,90,501,59,53,859,356,511,25,175,134,241,201,6,240,149,210,32
719,1048,137,26,24,279,182,403,174,132,530,650,197,337,351,445,611,104,152,87,18,406
720,1,646,99,44,105,281,404,625,96,290,140,158,743,244,848,185,49,270,176,262,326
721,838,283,709,466,509,1078,522,553,789,755,748,513,1182,333,764,166,696,744,990,1045,169
722,99,275,176,145,96,662,52,118,1002,361,803,885,332,99,340,358,117,53,50,723,154
723,78,137,403,24,26,279,182,104,87,550,98,141,530,365,152,84,611,642,406,575,197
724,1064,99,625,646,44,105,848,49,404,281,96,52,176,270,867,185,262,743,361,674,140
725,131,96,176,99,646,52,145,118,361,61,275,404,270,848,44,158,340,269,252,49,281
726,434,137,403,24,26,141,87,104,365,11,78,84,550,69,642,182,279,210,406,13,98
727,511,403,137,141,87,104,550,24,78,365,11,69,84,26,642,121,210,406,182,13,451
728,403,137,403,26,24,87,104,182,550,84,406,18,365,279,141,78,642,303,611,11,98
729,919,102,192,368,248,348,322,157,162,103,113,217,58,32,470,218,358,408,257,312,167
730,643,50,356,25,90,358,210,501,190,687,53,78,859,134,511,11,243,149,69,598,141
731,403,104,87,403,78,550,69,84,13,141,365,121,18,303,642,432,406,210,137,142,25
732,98,403,137,104,87,24,141,26,365,550,11,78,84,69,406,642,182,121,13,18,210
733,501,11,78,50,25,154,141,69,687,74,210,427,356,501,53,306,13,358,90,243,178
734,13,403,11,137,141,104,78,87,365,24,306,26,69,550,13,84,210,642,154,88,25
735,289,32,102,217,162,241,201,240,192,408,257,175,368,157,322,255,298,100,113,360,248
736,118,650,337,174,26,279,132,445,530,197,182,509,24,137,513,524,351,307,191,1012,489
737,189,50,90,358,501,190,53,356,687,25,134,149,511,59,210,859,659,78,598,243,13
738,1289,96,99,646,176,61,361,52,404,158,44,270,118,848,145,281,105,252,49,269,262
739,639,78,11,104,87,141,403,69,550,365,84,137,687,642,432,406,210,121,303,13,74
740,21,9,578,311,34,364,56,182,18,547,525,26,16,769,194,486,1026,435,447,104,611
741,885,358,96,176,53,275,145,52,361,118,190,1002,50,25,662,803,61,13,99,646,270
742,360,102,32,217,162,408,322,201,157,192,368,248,348,257,241,113,103,358,470,240,218
743,1305,698,351,1112,145,275,166,992,509,522,118,858,1134,696,96,12,415,879,306,896,466
744,276,423,167,180,308,321,58,431,248,663,565,343,54,48,464,368,245,222,491,438,330
745,474,157,103,102,348,162,232,113,183,248,202,192,23,312,368,217,7,257,58,322,180
746,79,248,58,274,10,491,119,180,330,35,423,222,343,368,167,97,663,255,289,470,100
747,246,275,145,1002,662,803,52,118,176,117,885,332,340,723,361,96,253,99,458,269,377
748,125,137,26,24,182,650,403,279,174,337,530,197,18,413,104,611,152,132,445,87,268
749,1216,131,711,5,185,326,116,2,552,262,831,490,510,215,281,828,290,743,396,158,140
750,399,149,501,511,358,90,521,53,134,859,50,659,31,1041,190,687,59,356,598,25,243
751,99,34,527,9,435,294,173,83,292,547,367,455,143,233,212,555,769,554,310,160,571
752,1244,511,6,175,37,722,50,59,540,190,126,79,620,360,844,608,187,276,242,320,186
753,1064,646,185,281,711,131,326,743,116,262,2,99,105,5,140,490,158,244,942,404,290
754,252,176,52,145,96,275,118,99,361,1002,662,803,340,332,117,848,269,646,270,885,44
755,517,368,217,322,330,248,32,222,423,274,255,167,241,201,35,102,119,50,470,192,58
756,358,50,210,25,358,53,78,687,190,501,13,90,69,141,356,104,243,142,598,84,87
757,890,87,137,104,182,78,84,403,432,406,550,26,210,642,69,11,365,24,121,687,141
758,240,102,192,368,157,248,162,103,113,348,257,32,217,322,218,240,58,119,312,408,241
759,221,34,423,367,464,180,48,555,227,308,292,438,310,57,321,431,167,663,479,9,644
760,687,34,232,13,104,48,367,115,423,202,555,294,464,292,310,527,403,455,141,53,78
761,785,274,241,330,119,201,248,261,491,109,255,368,322,175,102,67,32,192,6,126,569
762,1096,650,174,132,513,509,279,197,553,530,337,191,445,26,416,524,1070,182,466,522,696
763,176,145,275,52,1002,662,176,803,118,340,117,99,885,332,361,96,723,253,269,848,876
764,662,1002,275,662,803,145,176,52,340,253,118,723,86,885,361,332,96,117,270,876,336
765,178,711,131,2,490,158,185,326,262,5,61,116,290,510,281,552,646,743,140,96,566
766,1257,32,102,217,192,30,157,408,348,201,248,240,162,241,368,119,362,322,255,298,470
767,226,241,201,274,368,175,261,217,109,330,100,844,491,334,32,35,255,67,248,300,559
768,660,52,176,99,145,118,275,340,96,1002,361,803,848,269,270,253,44,117,662,625,49
769,395,364,998,604,283,56,755,206,329,467,823,809,672,789,169,1042,602,748,709,822,1077
770,298,509,650,513,466,166,553,522,174,837,696,191,879,1070,337,351,416,307,463,279,229
771,592,9,527,34,364,83,479,547,310,423,180,227,435,367,137,433,85,823,455,24,292
772,550,650,26,279,337,182,174,137,24,530,299,445,197,132,403,509,351,611,413,524,1012
773,811,248,180,58,167,322,368,102,330,192,348,222,423,217,308,470,431,321,274,35,32
774,152,403,137,141,24,104,87,26,365,550,69,121,84,78,13,642,11,210,182,406,98
775,436,34,17,9,294,435,578,378,423,953,497,472,585,588,65,447,292,311,663,324,710
776,115,192,368,102,248,162,218,119,348,322,103,157,113,257,358,255,470,101,58,240,217
777,443,279,24,137,26,403,530,351,650,197,182,98,174,132,152,337,522,951,611,413,445
778,741,711,131,2,158,262,490,326,510,185,281,5,116,61,646,743,290,140,552,96,105
779,1308,949,1328,836,1348,1333,643,989,957,1122,761,1088,1334,264,1337,593,829,1233,1243,1197,1279
780,361,455,232,473,115,202,183,77,475,83,749,254,791,48,369,209,355,7,148,310,103
781,743,99,52,176,96,625,646,848,44,145,49,118,105,361,270,404,867,340,269,281,592
782,518,145,176,275,96,118,52,662,1002,332,361,340,99,723,61,885,803,154,306,11,646
783,494,283,789,755,709,998,56,364,822,467,748,604,1182,1042,677,1078,329,169,1022,206,764
784,53,87,137,104,403,84,78,550,365,406,69,24,141,642,26,11,18,303,121,182,432
785,490,220,297,457,542,15,147,369,437,77,690,279,26,364,254,198,403,526,1180,749,426
786,483,52,145,118,275,176,1002,803,340,99,662,361,332,96,117,269,848,253,876,625,885
787,867,145,275,803,1002,52,118,176,662,117,340,253,99,361,332,96,885,269,876,723,848
788,142,32,102,217,322,241,358,162,201,368,408,192,240,248,348,157,50,255,113,100,103
789,74,11,78,74,687,69,87,154,104,141,306,432,178,13,365,427,25,550,210,403,84
790,119,102,162,32,217,157,257,312,408,113,103,240,192,348,201,322,218,241,298,23,368
791,111,17,9,578,311,364,1026,547,447,769,34,607,14,672,378,56,65,435,604,792,144
792,553,364,542,279,15,823,220,297,650,604,26,206,329,467,147,530,56,24,417,337,690
793,951,137,26,24,279,182,174,403,351,650,530,337,197,132,445,611,152,413,98,104,299
794,942,131,185,711,5,116,326,552,262,510,215,831,2,743,281,396,828,490,1085,347,867
795,53,358,50,53,25,190,210,501,90,356,13,11,141,78,687,69,859,154,243,59,134
796,846,821,1045,846,169,216,437,759,629,513,466,1054,698,768,371,837,1147,515,696,166,509
797,78,403,137,24,87,26,104,141,550,84,365,182,78,279,642,18,406,13,69,210,98
798,61,220,437,15,542,198,958,526,457,169,364,818,764,604,1078,602,823,297,329,216,1042
799,105,99,646,44,96,404,176,105,52,848,49,361,281,118,269,270,252,145,625,592,743
800,877,52,99,176,145,118,96,361,275,44,1002,803,848,340,646,117,269,404,332,252,270
801,843,137,403,24,26,104,87,11,78,182,141,365,84,550,406,69,306,642,88,18,351
802,255,201,32,241,217,175,102,240,67,6,162,261,408,37,298,255,360,100,322,190,368
803,996,625,185,326,262,5,131,867,116,828,711,552,215,932,281,996,831,941,674,354,606
804,147,527,9,364,435,369,34,547,173,83,749,297,294,769,77,455,503,542,148,147,525
805,698,513,509,553,466,650,522,166,837,696,191,307,1070,879,174,168,524,515,229,337,416
806,376,96,99,176,646,281,262,270,52,848,118,404,61,105,361,145,44,340,867,158,49
807,1195,275,145,1002,803,662,52,118,176,117,885,340,96,332,361,253,99,723,269,876,86
808,912,275,145,176,52,118,1002,96,662,803,361,99,340,332,117,885,253,269,848,270,646
809,67,102,192,358,248,348,162,470,157,408,308,54,322,32,357,58,321,53,368,218,113
810,522,279,137,26,24,530,403,650,351,197,132,174,182,98,152,445,337,611,524,951,1012
811,310,248,423,180,167,368,58,308,348,192,321,222,322,102,330,470,157,431,54,217,101
812,1030,176,52,145,118,99,96,275,361,1002,803,44,332,117,340,646,848,269,662,404,252
813,216,169,216,437,768,339,1015,872,602,526,821,1045,1054,421,62,124,869,143,1185,1166,871
814,420,145,275,52,176,1002,662,118,803,96,361,340,117,99,885,332,253,723,269,377,848
815,96,711,262,61,131,270,96,158,281,646,254,867,77,552,369,326,99,5,510,2,457
816,862,137,26,24,279,403,182,351,174,530,650,337,197,132,445,104,611,98,84,88,413
817,605,646,99,96,281,61,158,105,404,176,262,270,848,44,140,743,290,49,361,711,52
818,859,50,90,501,190,134,356,511,149,358,687,659,859,53,59,25,598,210,78,243,593
819,422,275,145,662,176,1002,118,52,803,96,885,361,332,117,340,99,723,253,458,269,377
820,447,294,34,435,527,9,292,83,403,173,547,227,525,455,137,311,160,367,769,364,232
821,748,437,169,526,457,958,220,216,542,602,15,764,198,768,1078,297,623,339,1015,818,748
822,78,403,104,137,87,550,84,406,78,24,365,141,26,18,642,69,121,303,11,182,13
823,5,176,99,96,52,145,118,361,275,646,44,848,340,404,269,1002,270,252,803,662,49
824,1197,68,663,423,694,565,758,10,331,170,295,770,792,300,378,93,236,924,1090,844,507
825,95,78,104,87,432,550,84,69,13,303,687,121,403,18,142,365,205,406,642,141,243
826,215,958,437,1078,220,169,764,623,457,748,818,618,198,542,1042,449,15,821,910,426,216
827,548,201,175,102,241,32,240,6,162,217,408,192,257,255,261,368,119,37,100,157,79
828,96,145,176,275,52,118,99,96,1002,361,803,662,340,117,332,269,44,848,646,885,270
829,552,248,58,167,308,192,54,180,321,368,57,119,431,343,330,348,470,101,245,274,423
830,753,650,174,337,132,445,513,182,509,26,279,530,197,191,524,489,307,137,24,1070,670
831,627,34,423,9,464,227,367,93,527,378,663,292,578,497,555,585,953,897,479,17,324
832,326,711,131,2,158,490,290,116,185,326,743,646,281,140,5,510,262,61,244,105,831
833,87,358,53,25,50,141,210,13,11,190,78,69,501,687,154,365,356,403,90,142,306
834,848,99,96,176,52,145,118,646,361,848,275,270,340,44,404,269,1002,49,61,105,803
835,51,423,180,34,308,48,367,58,232,310,167,431,227,438,248,321,54,57,555,222,464
836,1158,364,9,547,527,435,769,34,809,604,525,823,294,311,194,206,329,447,56,806,628
837,366,403,104,87,78,11,137,550,141,69,84,365,406,642,121,303,432,13,24,26,18
838,1182,169,1045,821,216,1015,1185,768,1054,602,1078,437,748,869,283,421,764,871,124,1166,755
839,1070,650,174,132,337,279,530,445,26,509,513,197,24,351,416,137,182,191,524,166,522
840,1152,275,145,662,1002,803,52,885,118,176,117,723,332,340,361,253,96,458,99,86,188
841,1064,99,44,625,52,848,49,118,176,145,105,361,592,646,674,269,404,340,96,252,876
842,424,232,202,183,180,48,157,58,115,103,248,54,321,348,308,30,192,167,310,455,113
843,196,34,9,527,367,294,292,435,555,464,953,547,227,173,324,48,554,423,4,284,447
844,524,403,137,24,104,26,182,87,84,550,18,279,141,13,365,642,98,268,121,530,152
845,202,102,248,201,27,408,157,180,322,32,192,167,58,348,222,241,217,433,230,321,23
846,906,698,992,306,351,1112,1089,12,290,687,1134,949,427,1124,511,190,243,356,500,134,50
847,221,403,13,210,141,104,358,53,69,25,87,78,137,550,642,365,84,180,121,232,50
848,447,50,90,501,358,190,53,134,149,356,687,511,659,25,59,859,210,598,78,243,119
849,408,248,180,368,192,58,102,348,470,308,322,321,167,157,54,103,431,222,217,162,330
850,214,96,176,118,145,646,52,99,275,61,361,158,404,44,290,332,270,662,848,1002,340
851,981,275,803,1002,145,662,52,118,117,176,885,340,723,332,253,188,361,99,912,876,913
852,334,844,10,694,565,300,68,572,236,758,72,459,686,109,924,274,663,491,331,507,126
853,118,275,145,662,1002,803,118,52,176,885,117,332,723,96,361,340,458,99,253,377,269
854,1286,244,2,290,490,646,743,158,140,711,185,281,131,116,347,326,105,5,381,510,61
855,1164,52,145,99,176,275,118,1002,361,803,340,96,117,44,269,848,662,332,253,49,270
856,517,423,378,663,18,34,93,9,87,227,311,897,65,438,792,180,497,84,565,222,10
857,315,527,34,455,173,9,83,212,294,77,435,475,367,473,292,749,571,143,232,254,555
858,188,275,145,176,1002,52,118,662,803,96,361,340,99,332,117,885,253,723,269,848,270
859,253,176,145,275,96,52,118,99,1002,361,662,803,340,332,117,646,848,270,269,253,885
860,1286,625,813,932,674,347,44,215,354,592,996,518,49,99,636,828,1086,244,105,246,665
861,11,509,466,650,513,337,166,463,522,553,191,174,168,434,837,127,696,416,997,879,389
862,610,50,78,356,687,90,210,501,25,598,134,243,859,69,511,11,149,432,659,427,500
863,11,351,306,279,711,88,96,11,262,61,158,166,74,403,522,696,26,698,858,281,178
864,96,96,176,275,1002,340,145,270,118,52,662,253,262,867,99,361,86,61,803,876,848
865,509,437,457,220,542,526,958,169,15,198,764,818,623,297,1078,216,602,364,768,147,1059
866,4,248,180,58,167,423,192,308,368,54,348,470,103,321,330,322,48,102,222,431,245
867,607,378,423,93,663,792,65,897,472,10,497,295,694,263,17,1090,578,565,68,170,758
868,305,711,131,2,490,158,290,510,185,326,116,5,743,140,61,281,262,646,244,831,566
869,294,34,423,464,180,367,292,555,48,9,294,438,227,527,321,310,308,663,435,57,431
870,95,119,192,274,126,368,255,175,241,101,100,569,35,248,491,6,261,289,240,102,330
871,334,32,241,201,217,175,102,240,6,162,261,408,100,67,37,255,298,257,360,322,368
872,145,96,145,176,99,61,118,281,262,646,275,52,867,625,848,270,711,290,158,105,361
873,252,646,158,743,290,281,140,2,244,99,490,61,105,404,711,96,44,185,116,73,131
874,151,77,455,749,369,254,473,83,475,115,232,148,503,202,209,297,147,183,571,55,527
875,207,96,176,99,646,52,361,145,61,118,158,270,275,404,848,44,281,340,269,252,105
876,125,104,182,403,137,34,24,366,18,26,550,87,527,227,9,84,294,575,413,268,367
877,102,423,114,34,155,180,367,48,663,464,555,30,338,58,431,321,310,212,57,478,54
878,383,137,26,24,182,403,104,87,279,18,84,406,550,174,303,611,132,351,530,337,365
879,434,509,522,166,553,650,466,513,696,463,837,279,879,416,515,333,174,415,1070,337,530
880,84,137,403,24,26,104,141,87,365,550,182,84,78,11,642,69,279,406,210,121,13
881,828,78,11,104,687,141,13,142,210,87,69,25,432,84,74,365,243,550,403,501,53
882,805,527,34,9,435,294,173,547,83,292,455,364,769,160,369,77,554,525,367,571,749
883,607,423,663,93,378,10,565,295,472,694,792,263,497,758,331,170,897,300,464,685,68
884,12,283,998,755,364,789,604,56,329,748,709,467,206,823,169,822,1042,764,1078,677,1182
885,386,527,34,9,83,455,435,173,292,294,232,310,749,115,369,367,77,475,202,547,473
886,748,364,604,823,998,169,602,206,329,672,526,283,1042,748,467,809,764,755,216,678,56
887,495,201,241,32,175,217,102,6,261,240,408,67,37,79,162,100,109,322,298,368,255
888,76,369,77,749,542,297,147,254,455,503,209,148,83,690,457,475,15,55,220,473,198
889,806,34,527,423,9,292,367,555,294,435,310,48,227,464,180,284,173,479,554,438,232
890,748,24,279,26,137,403,650,530,182,197,337,152,413,18,174,98,542,611,364,369,527
891,1274,364,435,9,769,527,809,547,823,604,525,294,34,143,206,339,311,28,447,194,1026
892,121,26,137,279,24,650,530,132,182,174,337,197,445,152,403,351,611,524,98,772,18
893,673,185,396,131,215,347,116,244,5,326,1085,831,932,1064,743,813,797,736,673,510,828
894,61,166,351,698,696,437,846,623,522,371,279,509,513,457,762,530,553,858,145,951,333
895,1139,157,102,408,32,217,248,103,348,322,113,162,58,23,230,192,7,470,30,100,180
896,409,34,527,48,455,202,232,227,115,83,367,180,310,555,9,294,292,554,475,27,403
897,698,369,297,527,542,15,77,364,435,147,83,749,9,173,254,455,547,690,571,148,294
898,746,274,119,192,248,368,491,32,255,289,58,663,10,322,321,102,217,300,423,362,470
899,37,9,34,527,435,294,292,311,547,227,367,447,525,953,4,769,180,423,554,324,588
900,500,96,270,176,99,262,340,867,52,361,646,253,848,118,1002,281,404,61,275,145,269
901,1047,137,403,26,87,24,182,104,84,550,406,78,11,365,642,141,69,279,174,125,18
902,157,102,201,32,217,162,408,241,157,192,248,240,322,257,175,368,298,113,312,348,100
903,1184,145,275,52,176,118,1002,803,99,96,662,340,361,253,117,332,269,848,270,876,885
904,365,403,104,137,87,141,78,84,365,550,69,11,642,13,210,121,24,406,25,26,303
905,413,137,26,24,182,174,279,132,403,197,650,445,337,530,87,611,18,104,406,125,550
906,599,102,201,217,192,32,368,248,241,408,175,240,157,162,322,298,255,100,119,348,330
907,316,248,58,308,167,491,192,368,423,180,330,54,119,321,343,274,222,431,470,35,101
908,771,34,294,527,9,292,435,555,367,464,227,284,173,310,212,233,48,528,324,953,588
909,274,34,527,294,9,435,292,367,464,227,555,48,284,180,310,554,173,423,233,953,83
910,31,78,53,358,13,25,50,210,69,104,687,141,501,190,142,90,87,84,550,365,243
911,294,435,9,34,364,294,527,311,525,769,547,447,292,604,823,173,160,809,194,56,628
912,455,34,423,9,378,464,953,294,367,585,497,292,897,555,324,663,435,17,93,227,65
913,737,74,134,511,11,78,149,949,427,31,598,154,243,432,687,178,533,90,659,501,356
914,232,232,455,115,202,473,183,475,7,77,310,83,791,103,254,348,48,180,749,355,308
915,639,61,711,158,96,646,262,290,281,2,270,131,490,99,140,176,404,510,743,326,361
916,158,711,131,2,158,490,290,510,61,185,326,5,646,116,743,281,262,140,566,96,552
917,185,99,646,96,176,44,848,105,52,404,49,118,361,281,145,270,61,269,252,625,158
918,509,509,513,650,466,553,522,166,463,696,837,416,174,337,759,1070,515,279,333,530,951
919,368,102,408,217,32,162,201,157,230,298,312,257,23,240,113,357,348,175,241,103,322
920,99,96,646,61,158,99,176,361,270,404,281,290,52,848,44,118,140,105,711,262,145
921,365,403,254,77,13,369,24,137,473,749,115,202,455,141,475,232,279,297,53,183,209
922,500,78,104,87,210,687,84,69,432,141,13,550,25,50,11,365,121,403,142,642,501
923,217,102,192,248,201,32,162,322,241,157,217,368,408,58,348,119,240,103,218,470,255
924,326,711,290,158,2,131,61,490,646,281,326,96,140,262,116,743,510,185,5,105,566
925,850,137,403,104,87,78,11,84,141,26,365,24,550,69,182,406,210,642,687,121,25
926,241,9,34,435,294,527,364,547,525,769,447,311,1026,628,292,809,823,604,324,4,160
927,96,134,659,511,90,149,593,859,50,356,501,1041,598,687,59,533,190,223,500,595,243
928,25,9,364,547,435,34,769,525,447,527,294,311,578,604,1026,324,14,809,206,17,56
929,764,220,437,457,542,623,958,198,15,297,818,147,764,526,1078,690,1180,169,426,417,618
930,753,509,650,513,522,553,166,466,174,696,279,337,132,530,463,837,351,1070,416,197,191
931,896,509,166,522,466,513,696,351,553,650,837,879,463,174,191,279,415,1134,1070,515,416
932,625,340,1002,253,803,52,662,625,275,176,876,86,270,674,118,361,145,867,606,332,1081
933,18,78,104,84,87,210,642,550,432,403,69,687,243,365,13,850,121,141,50,303,598
934,1045,437,169,872,216,768,339,1015,526,1054,62,602,869,821,1045,871,623,124,1185,143,457
935,265,248,58,192,167,368,180,308,321,54,330,119,222,431,343,48,491,348,470,245,101
936,243,11,78,687,50,356,427,69,25,74,210,154,306,141,90,501,243,87,432,598,134
937,118,176,52,145,96,275,118,361,99,1002,662,803,340,332,646,848,269,117,270,44,885
938,30,77,457,254,369,297,749,147,542,473,526,503,455,437,209,475,690,148,198,220,83
939,698,509,466,553,166,513,522,650,696,879,1070,837,463,337,415,416,191,174,132,515,333
940,178,11,74,427,432,687,78,243,306,356,134,178,500,598,149,154,511,383,957,87,189
941,149,102,32,368,217,192,162,241,201,240,408,175,348,157,248,119,322,100,255,257,35
942,140,99,176,52,96,145,118,361,848,44,646,340,269,275,404,49,270,252,1002,105,803
943,25,403,78,141,69,104,11,210,365,87,137,25,13,84,550,642,121,50,53,687,358
